Keyword,Ranking,URL,Date
Study Abroad,1,https://www.monash.edu/study-abroad,2019-08-25 20:01:38
Study Abroad,2,https://study.unimelb.edu.au/study-with-us/visit-melbourne-on-exchange-or-study-abroad,2019-08-25 20:01:38
Study Abroad,3,https://students.unimelb.edu.au/study-overseas/explore-study-programs/semester-and-year-long-programs,2019-08-25 20:01:38
Study Abroad,4,https://www.deakin.edu.au/students/studying/deakin-abroad,2019-08-25 20:01:38
Study Abroad,5,https://www.vu.edu.au/study-at-vu/study-abroad-exchange-in-melbourne,2019-08-25 20:01:38
Study Abroad,6,https://www.vu.edu.au/current-students/careers-opportunities/study-overseas,2019-08-25 20:01:38
Study Abroad,7,https://www.studyoverseas.gov.au/,2019-08-25 20:01:38
Study Abroad,8,https://www.swinburne.edu.au/current-students/study-abroad-exchange/,2019-08-25 20:01:38
Study Abroad,9,https://www.goabroad.com/study-abroad,2019-08-25 20:01:38
Study Abroad,10,https://www.ef-australia.com.au/pg/study-abroad/,2019-08-25 20:01:38
Study in Asutralia,1,https://www.studyinaustralia.gov.au/,2019-08-25 20:02:28
Study in Asutralia,2,https://www.studyinaustralia.gov.au/english/apply-to-study,2019-08-25 20:02:28
Study in Asutralia,3,https://www.studiesinaustralia.com/,2019-08-25 20:02:28
Study in Asutralia,4,https://www.internationalstudent.com/study_australia/,2019-08-25 20:02:28
Study in Asutralia,5,https://www.gostudy.com.au/,2019-08-25 20:02:28
Study in Asutralia,6,https://www.education.gov.au/international-students/study-australia,2019-08-25 20:02:28
Study in Asutralia,7,https://www.australia.gov.au/information-and-services/immigration-and-visas/studying-in-australia,2019-08-25 20:02:28
Study in Asutralia,8,https://www.idp.com/australia/about-australia/study-in-australia/,2019-08-25 20:02:28
Study in Asutralia,9,https://immi.homeaffairs.gov.au/visas/getting-a-visa/visa-finder/study,2019-08-25 20:02:28
Study in Asutralia,10,https://australiastudy.net.au/,2019-08-25 20:02:28
Rmit,1,https://www.rmit.edu.au/,2019-08-25 20:03:00
Rmit,2,https://www.rmit.edu.au/students,2019-08-25 20:03:00
Rmit,3,https://www.rmit.edu.au/study-with-us/international-students,2019-08-25 20:03:00
Rmit,4,https://www.rmit.edu.au/study-with-us,2019-08-25 20:03:00
Rmit,5,https://www.rmit.edu.au/library,2019-08-25 20:03:00
Rmit,6,https://www.rmit.edu.au/contact,2019-08-25 20:03:00
Rmit,7,https://www.rmit.edu.au/study-with-us/international-students/programs-for-international-students,2019-08-25 20:03:00
Rmit,8,https://www.rmit.eu/,2019-08-25 20:03:00
Rmit,9,https://en.wikipedia.org/wiki/RMIT_University,2019-08-25 20:03:00
Rmit,10,https://theconversation.com/institutions/rmit-university-1063,2019-08-25 20:03:00
Rmit,11,https://www.facebook.com/RMITuniversity/,2019-08-25 20:03:00
Rmit,12,https://rmitenglishworldwide.com/,2019-08-25 20:03:00
Rmit university,1,https://www.rmit.edu.au/,2019-08-25 20:03:45
Rmit university,2,https://www.rmit.edu.au/study-with-us,2019-08-25 20:03:45
Rmit university,3,https://www.rmit.edu.au/staff,2019-08-25 20:03:45
Rmit university,4,https://www.rmit.edu.au/contact,2019-08-25 20:03:45
Rmit university,5,https://www.rmit.edu.au/study-with-us/international-students,2019-08-25 20:03:45
Rmit university,6,https://www.rmit.edu.au/students,2019-08-25 20:03:45
Rmit university,7,https://www.rmit.edu.au/library,2019-08-25 20:03:45
Rmit university,8,https://www.rmit.eu/,2019-08-25 20:03:45
Rmit university,9,https://en.wikipedia.org/wiki/RMIT_University,2019-08-25 20:03:45
Rmit university,10,https://www.facebook.com/RMITuniversity/,2019-08-25 20:03:45
Rmit university,11,https://theconversation.com/institutions/rmit-university-1063,2019-08-25 20:03:45
Rmit university,12,https://www.linkedin.com/school/rmit-university/,2019-08-25 20:03:45
Study engineering australia,1,https://www.rmit.edu.au/study-with-us/engineering,2019-08-25 20:03:58
Study engineering australia,2,https://www.studiesinaustralia.com/Blog/study-tips/the-advantages-of-studying-engineering-in-australia,2019-08-25 20:03:58
Study engineering australia,3,https://www.studiesinaustralia.com/studying-in-australia/what-to-study-in-australia/courses-in-australia/engineering-and-technology-in-australia,2019-08-25 20:03:58
Study engineering australia,4,https://www.engineersaustralia.org.au/For-Students-And-Educators/For-Secondary-Students,2019-08-25 20:03:58
Study engineering australia,5,https://www.gooduniversitiesguide.com.au/fields-of-study/engineering-and-technology,2019-08-25 20:03:58
Study engineering australia,6,https://www.studyoptions.com/what-can-i-study/engineering,2019-08-25 20:03:58
Study engineering australia,7,https://www.hotcoursesabroad.com/india/training-degrees/australia/engineering-and-technology-courses/loc/9/cgory/g-2/sin/ct/programs.html,2019-08-25 20:03:58
Study engineering australia,8,https://www.hotcoursesabroad.com/india/training-degrees/australia/engineering-studies-courses/loc/9/cgory/xa.1-4/sin/ct/programs.html,2019-08-25 20:03:58
Study engineering australia,9,https://www.idp.com/australia/search/engineering/,2019-08-25 20:03:58
Study engineering australia,10,https://onlinestudyaustralia.com/courses/degrees/engineering/,2019-08-25 20:03:58
Study Abroad,1,https://students.unimelb.edu.au/study-overseas/explore-study-programs/semester-and-year-long-programs,2019-08-26 02:41:31
Study Abroad,2,https://study.unimelb.edu.au/study-with-us/visit-melbourne-on-exchange-or-study-abroad,2019-08-26 02:41:31
Study Abroad,3,https://www.monash.edu/study-abroad,2019-08-26 02:41:31
Study Abroad,4,https://www.vu.edu.au/study-at-vu/study-abroad-exchange-in-melbourne,2019-08-26 02:41:31
Study Abroad,5,https://www.deakin.edu.au/students/studying/deakin-abroad,2019-08-26 02:41:31
Study Abroad,6,https://www.studyoverseas.gov.au/,2019-08-26 02:41:31
Study Abroad,7,https://www.rmit.edu.au/study-with-us/international-students/programs-for-international-students/study-abroad-and-exchange/study-abroad,2019-08-26 02:41:31
Study Abroad,8,https://www.boxhill.edu.au/study-with-us/study-abroad,2019-08-26 02:41:31
Study Abroad,9,https://www.swinburne.edu.au/current-students/study-abroad-exchange/,2019-08-26 02:41:31
Study Abroad,10,https://www.goabroad.com/study-abroad,2019-08-26 02:41:31
Study in Asutralia,1,https://www.studyinaustralia.gov.au/,2019-08-26 02:42:27
Study in Asutralia,2,https://www.studyinaustralia.gov.au/english/apply-to-study,2019-08-26 02:42:27
Study in Asutralia,3,https://www.studiesinaustralia.com/,2019-08-26 02:42:27
Study in Asutralia,4,https://www.internationalstudent.com/study_australia/,2019-08-26 02:42:27
Study in Asutralia,5,https://www.gostudy.com.au/,2019-08-26 02:42:27
Study in Asutralia,6,https://www.education.gov.au/international-students/study-australia,2019-08-26 02:42:27
Study in Asutralia,7,https://www.australia.gov.au/information-and-services/immigration-and-visas/studying-in-australia,2019-08-26 02:42:27
Study in Asutralia,8,https://www.idp.com/australia/about-australia/study-in-australia/,2019-08-26 02:42:27
Study in Asutralia,9,https://immi.homeaffairs.gov.au/visas/getting-a-visa/visa-finder/study,2019-08-26 02:42:27
Study in Asutralia,10,https://australiastudy.net.au/,2019-08-26 02:42:27
Rmit,1,https://www.rmit.edu.au/,2019-08-26 02:42:49
Rmit,2,https://www.rmit.edu.au/students,2019-08-26 02:42:49
Rmit,3,https://www.rmit.edu.au/staff,2019-08-26 02:42:49
Rmit,4,https://www.rmit.edu.au/study-with-us,2019-08-26 02:42:49
Rmit,5,https://www.rmit.edu.au/library,2019-08-26 02:42:49
Rmit,6,https://www.rmit.edu.au/contact,2019-08-26 02:42:49
Rmit,7,https://www.rmit.edu.au/study-with-us/international-students,2019-08-26 02:42:49
Rmit,8,https://www.rmit.eu/,2019-08-26 02:42:49
Rmit,9,https://en.wikipedia.org/wiki/RMIT_University,2019-08-26 02:42:49
Rmit,10,https://theconversation.com/institutions/rmit-university-1063,2019-08-26 02:42:49
Rmit,11,https://www.facebook.com/RMITuniversity/,2019-08-26 02:42:49
Rmit,12,https://rmitenglishworldwide.com/,2019-08-26 02:42:49
Rmit university,1,https://www.rmit.edu.au/,2019-08-26 02:43:39
Rmit university,2,https://www.rmit.edu.au/study-with-us,2019-08-26 02:43:39
Rmit university,3,https://www.rmit.edu.au/staff,2019-08-26 02:43:39
Rmit university,4,https://www.rmit.edu.au/contact,2019-08-26 02:43:39
Rmit university,5,https://www.rmit.edu.au/study-with-us/international-students,2019-08-26 02:43:39
Rmit university,6,https://www.rmit.edu.au/students,2019-08-26 02:43:39
Rmit university,7,https://www.rmit.edu.au/library,2019-08-26 02:43:39
Rmit university,8,https://www.rmit.eu/,2019-08-26 02:43:39
Rmit university,9,https://en.wikipedia.org/wiki/RMIT_University,2019-08-26 02:43:39
Rmit university,10,https://www.facebook.com/RMITuniversity/,2019-08-26 02:43:39
Rmit university,11,https://theconversation.com/institutions/rmit-university-1063,2019-08-26 02:43:39
Rmit university,12,https://www.linkedin.com/school/rmit-university/,2019-08-26 02:43:39
Study Abroad,1,/url?q=https://students.unimelb.edu.au/study-overseas/explore-study-programs/semester-and-year-long-programs&sa=U&ved=0ahUKEwiVx_OFvZ7kAhXyjuYKHVKDB7sQFggUMAA&usg=AOvVaw12K56fVFr8ungpUJVEODAF,2019-08-26 02:48:57
Study Abroad,2,/url?q=https://study.unimelb.edu.au/study-with-us/visit-melbourne-on-exchange-or-study-abroad&sa=U&ved=0ahUKEwiVx_OFvZ7kAhXyjuYKHVKDB7sQFggeMAE&usg=AOvVaw2Vd-JD5kAOZNrBv0OTxL3Y,2019-08-26 02:48:57
Study Abroad,3,/url?q=https://www.monash.edu/study-abroad&sa=U&ved=0ahUKEwiVx_OFvZ7kAhXyjuYKHVKDB7sQFggjMAI&usg=AOvVaw1ucrXpn8mNfEC6kL60Bspd,2019-08-26 02:48:57
Study Abroad,4,/url?q=https://www.vu.edu.au/study-at-vu/study-abroad-exchange-in-melbourne&sa=U&ved=0ahUKEwiVx_OFvZ7kAhXyjuYKHVKDB7sQFghKMAY&usg=AOvVaw29NLd_2KOjEDGVFeMqf2D8,2019-08-26 02:48:57
Study Abroad,5,/url?q=https://www.deakin.edu.au/students/studying/deakin-abroad&sa=U&ved=0ahUKEwiVx_OFvZ7kAhXyjuYKHVKDB7sQFghQMAc&usg=AOvVaw3iddp6nGgkeHqKhR-tz7MC,2019-08-26 02:48:57
Study Abroad,6,/url?q=https://www.studyoverseas.gov.au/&sa=U&ved=0ahUKEwiVx_OFvZ7kAhXyjuYKHVKDB7sQFghaMAg&usg=AOvVaw2wmCTxOqx-7LtWK4gn_uMC,2019-08-26 02:48:57
Study Abroad,7,/url?q=https://www.rmit.edu.au/study-with-us/international-students/programs-for-international-students/study-abroad-and-exchange/study-abroad&sa=U&ved=0ahUKEwiVx_OFvZ7kAhXyjuYKHVKDB7sQFghfMAk&usg=AOvVaw1YmjcmXkcPIORyJIAUmGHD,2019-08-26 02:48:57
Study Abroad,8,/url?q=https://www.boxhill.edu.au/study-with-us/study-abroad&sa=U&ved=0ahUKEwiVx_OFvZ7kAhXyjuYKHVKDB7sQFghlMAo&usg=AOvVaw1S60n04IDVtxpJk5LBzqg1,2019-08-26 02:48:57
Study Abroad,9,/url?q=https://www.swinburne.edu.au/current-students/study-abroad-exchange/&sa=U&ved=0ahUKEwiVx_OFvZ7kAhXyjuYKHVKDB7sQFghqMAs&usg=AOvVaw2W4kAQHo1avniUpYnmEtFf,2019-08-26 02:48:57
Study Abroad,10,/url?q=https://www.goabroad.com/study-abroad&sa=U&ved=0ahUKEwiVx_OFvZ7kAhXyjuYKHVKDB7sQFghxMAw&usg=AOvVaw3p8BcfeT_Ggg0qRPMldk_U,2019-08-26 02:48:57
Study in Asutralia,1,https://www.studyinaustralia.gov.au/,2019-08-26 02:49:23
Study in Asutralia,2,https://www.studyinaustralia.gov.au/english/apply-to-study,2019-08-26 02:49:23
Study in Asutralia,3,https://www.studiesinaustralia.com/,2019-08-26 02:49:23
Study in Asutralia,4,https://www.internationalstudent.com/study_australia/,2019-08-26 02:49:23
Study in Asutralia,5,https://www.gostudy.com.au/,2019-08-26 02:49:23
Study in Asutralia,6,https://www.education.gov.au/international-students/study-australia,2019-08-26 02:49:23
Study in Asutralia,7,https://www.australia.gov.au/information-and-services/immigration-and-visas/studying-in-australia,2019-08-26 02:49:23
Study in Asutralia,8,https://www.idp.com/australia/about-australia/study-in-australia/,2019-08-26 02:49:23
Study in Asutralia,9,https://immi.homeaffairs.gov.au/visas/getting-a-visa/visa-finder/study,2019-08-26 02:49:23
Study in Asutralia,10,https://australiastudy.net.au/,2019-08-26 02:49:23
Rmit,1,https://www.rmit.edu.au/,2019-08-26 02:50:19
Rmit,2,https://www.rmit.edu.au/students,2019-08-26 02:50:19
Rmit,3,https://www.rmit.edu.au/staff,2019-08-26 02:50:19
Rmit,4,https://www.rmit.edu.au/study-with-us,2019-08-26 02:50:19
Rmit,5,https://www.rmit.edu.au/library,2019-08-26 02:50:19
Rmit,6,https://www.rmit.edu.au/contact,2019-08-26 02:50:19
Rmit,7,https://www.rmit.edu.au/study-with-us/international-students,2019-08-26 02:50:19
Rmit,8,https://www.rmit.eu/,2019-08-26 02:50:19
Rmit,9,https://en.wikipedia.org/wiki/RMIT_University,2019-08-26 02:50:19
Rmit,10,https://theconversation.com/institutions/rmit-university-1063,2019-08-26 02:50:19
Rmit,11,https://www.facebook.com/RMITuniversity/,2019-08-26 02:50:19
Rmit,12,https://www.linkedin.com/school/rmit-university/,2019-08-26 02:50:19
Rmit university,1,https://www.rmit.edu.au/,2019-08-26 02:51:14
Rmit university,2,https://www.rmit.edu.au/study-with-us,2019-08-26 02:51:14
Rmit university,3,https://www.rmit.edu.au/staff,2019-08-26 02:51:14
Rmit university,4,https://www.rmit.edu.au/contact,2019-08-26 02:51:14
Rmit university,5,https://www.rmit.edu.au/study-with-us/international-students,2019-08-26 02:51:14
Rmit university,6,https://www.rmit.edu.au/students,2019-08-26 02:51:14
Rmit university,7,https://www.rmit.edu.au/library,2019-08-26 02:51:14
Rmit university,8,https://www.rmit.eu/,2019-08-26 02:51:14
Rmit university,9,https://en.wikipedia.org/wiki/RMIT_University,2019-08-26 02:51:14
Rmit university,10,https://www.facebook.com/RMITuniversity/,2019-08-26 02:51:14
Rmit university,11,https://theconversation.com/institutions/rmit-university-1063,2019-08-26 02:51:14
Rmit university,12,https://www.linkedin.com/school/rmit-university/,2019-08-26 02:51:14
Study engineering australia,1,/url?q=https://www.rmit.edu.au/study-with-us/engineering&sa=U&ved=0ahUKEwjHjtbgvZ7kAhWQ_XMBHdOjDvUQFggdMAA&usg=AOvVaw3DmbvDj56oh0Rmaw6CRKUF,2019-08-26 02:52:07
Study engineering australia,2,/url?q=https://www.studiesinaustralia.com/Blog/study-tips/the-advantages-of-studying-engineering-in-australia&sa=U&ved=0ahUKEwjHjtbgvZ7kAhWQ_XMBHdOjDvUQFggmMAE&usg=AOvVaw3us0eVjBnzlm9IqN05fVeW,2019-08-26 02:52:07
Study engineering australia,3,/url?q=https://www.studiesinaustralia.com/studying-in-australia/what-to-study-in-australia/courses-in-australia/engineering-and-technology-in-australia&sa=U&ved=0ahUKEwjHjtbgvZ7kAhWQ_XMBHdOjDvUQFggsMAI&usg=AOvVaw3wgkNqjtBqxYgyqtCHmeQN,2019-08-26 02:52:07
Study engineering australia,4,/url?q=https://www.engineersaustralia.org.au/For-Students-And-Educators/For-Secondary-Students&sa=U&ved=0ahUKEwjHjtbgvZ7kAhWQ_XMBHdOjDvUQFggyMAM&usg=AOvVaw0vQuVM2qa7owR4LyGznfAY,2019-08-26 02:52:07
Study engineering australia,5,/url?q=https://www.gooduniversitiesguide.com.au/fields-of-study/engineering-and-technology&sa=U&ved=0ahUKEwjHjtbgvZ7kAhWQ_XMBHdOjDvUQFgg4MAQ&usg=AOvVaw3V5MJcx0YbXgyBBQanaEcn,2019-08-26 02:52:07
Study engineering australia,6,/url?q=https://www.studyoptions.com/what-can-i-study/engineering&sa=U&ved=0ahUKEwjHjtbgvZ7kAhWQ_XMBHdOjDvUQFgg9MAU&usg=AOvVaw340Q5n-LTbBiChWut3SjSi,2019-08-26 02:52:07
Study engineering australia,7,/url?q=https://www.hotcoursesabroad.com/india/training-degrees/australia/engineering-and-technology-courses/loc/9/cgory/g-2/sin/ct/programs.html&sa=U&ved=0ahUKEwjHjtbgvZ7kAhWQ_XMBHdOjDvUQFghCMAY&usg=AOvVaw2frjPYSF5-HoKLlF6FYug9,2019-08-26 02:52:07
Study engineering australia,8,/url?q=https://www.hotcoursesabroad.com/india/training-degrees/australia/engineering-studies-courses/loc/9/cgory/xa.1-4/sin/ct/programs.html&sa=U&ved=0ahUKEwjHjtbgvZ7kAhWQ_XMBHdOjDvUQFghHMAc&usg=AOvVaw2li7L0E1FBkgQSeoogC0Hr,2019-08-26 02:52:07
Study engineering australia,9,/url?q=https://www.idp.com/australia/search/engineering/&sa=U&ved=0ahUKEwjHjtbgvZ7kAhWQ_XMBHdOjDvUQFghMMAg&usg=AOvVaw0QSBNHtntJSUXFK4yDeVAy,2019-08-26 02:52:07
Study engineering australia,10,/url?q=https://onlinestudyaustralia.com/courses/degrees/engineering/&sa=U&ved=0ahUKEwjHjtbgvZ7kAhWQ_XMBHdOjDvUQFghRMAk&usg=AOvVaw1ux8XO5670SJgUvqs9Fn9M,2019-08-26 02:52:07
